,Stock,Sector
0,AVOD,"İMALAT / GIDA, İÇECEK VE TÜTÜN"
1,"A1CAP, ACP",MALİ KURULUŞLAR / ARACI KURUMLAR
2,ACSEL,İMALAT / KİMYA İLAÇ PETROL LASTİK VE PLASTİK ÜRÜNLER
3,ADEL,İMALAT / DİĞER İMALAT SANAYİİ
4,ADESE,GAYRİMENKUL FAALİYETLERİ / GAYRİMENKUL FAALİYETLERİ
5,AFYON,İMALAT / TAŞ VE TOPRAĞA DAYALI
6,AGHOL,MALİ KURULUŞLAR / HOLDİNGLER VE YATIRIM ŞİRKETLERİ
7,AGESA,MALİ KURULUŞLAR / SİGORTA ŞİRKETLERİ
8,AHGAZ,ELEKTRİK GAZ VE SU / ELEKTRİK GAZ VE BUHAR
9,AKBNK,MALİ KURULUŞLAR / BANKALAR
10,AKCNS,İMALAT / TAŞ VE TOPRAĞA DAYALI
11,AKYHO,MALİ KURULUŞLAR / HOLDİNGLER VE YATIRIM ŞİRKETLERİ
12,AKENR,ELEKTRİK GAZ VE SU / ELEKTRİK GAZ VE BUHAR
13,AKFGY,MALİ KURULUŞLAR / GAYRİMENKUL YATIRIM ORTAKLIKLARI
14,AKFYE,ELEKTRİK GAZ VE SU / ELEKTRİK GAZ VE BUHAR
15,ATEKS,"İMALAT / TEKSTİL, GİYİM EŞYASI VE DERİ"
16,AKSGY,MALİ KURULUŞLAR / GAYRİMENKUL YATIRIM ORTAKLIKLARI
17,AKMGY,MALİ KURULUŞLAR / GAYRİMENKUL YATIRIM ORTAKLIKLARI
18,AKSA,İMALAT / KİMYA İLAÇ PETROL LASTİK VE PLASTİK ÜRÜNLER
19,AKSEN,ELEKTRİK GAZ VE SU / ELEKTRİK GAZ VE BUHAR
20,AKGRT,MALİ KURULUŞLAR / SİGORTA ŞİRKETLERİ
21,AKSUE,ELEKTRİK GAZ VE SU / ELEKTRİK GAZ VE BUHAR
22,ALCAR,İMALAT / METAL EŞYA MAKİNE ELEKTRİKLİ CİHAZLAR VE ULAŞIM ARAÇLARI
23,ALGYO,MALİ KURULUŞLAR / GAYRİMENKUL YATIRIM ORTAKLIKLARI
24,ALARK,MALİ KURULUŞLAR / HOLDİNGLER VE YATIRIM ŞİRKETLERİ
25,"ALBRK, ALK",MALİ KURULUŞLAR / BANKALAR
26,ALCTL,TEKNOLOJİ / BİLİŞİM
27,ALFAS,ELEKTRİK GAZ VE SU / ELEKTRİK GAZ VE BUHAR
28,ALKIM,İMALAT / KİMYA İLAÇ PETROL LASTİK VE PLASTİK ÜRÜNLER
29,ALKA,İMALAT / KAĞIT VE KAĞIT ÜRÜNLERİ BASIM
30,AYCES,OTELLER VE LOKANTALAR / KONAKLAMA
31,ALMAD,MADENCİLİK VE TAŞ OCAKÇILIĞI / KÖMÜR VE LİNYİT MADENCİLİĞİ
32,ANSGR,MALİ KURULUŞLAR / SİGORTA ŞİRKETLERİ
33,AEFES,"İMALAT / GIDA, İÇECEK VE TÜTÜN"
34,ANHYT,MALİ KURULUŞLAR / SİGORTA ŞİRKETLERİ
35,ASUZU,İMALAT / METAL EŞYA MAKİNE ELEKTRİKLİ CİHAZLAR VE ULAŞIM ARAÇLARI
36,ANGEN,İMALAT / KİMYA İLAÇ PETROL LASTİK VE PLASTİK ÜRÜNLER
37,ANELE,İNŞAAT VE BAYINDIRLIK / İNŞAAT VE BAYINDIRLIK İŞLERİ
38,ARCLK,İMALAT / METAL EŞYA MAKİNE ELEKTRİKLİ CİHAZLAR VE ULAŞIM ARAÇLARI
39,ARDYZ,TEKNOLOJİ / BİLİŞİM
40,ARENA,TEKNOLOJİ / BİLİŞİM
41,ARSAN,"İMALAT / TEKSTİL, GİYİM EŞYASI VE DERİ"
42,ARZUM,TOPTAN VE PERAKENDE TİCARET / TOPTAN TİCARET
43,ASGYO,MALİ KURULUŞLAR / GAYRİMENKUL YATIRIM ORTAKLIKLARI
44,ASELS,TEKNOLOJİ / SAVUNMA
45,ASTOR,İMALAT / METAL EŞYA MAKİNE ELEKTRİKLİ CİHAZLAR VE ULAŞIM ARAÇLARI
46,ATAGY,MALİ KURULUŞLAR / GAYRİMENKUL YATIRIM ORTAKLIKLARI
47,ATAKP,"İMALAT / GIDA, İÇECEK VE TÜTÜN"
48,AGYO,MALİ KURULUŞLAR / GAYRİMENKUL YATIRIM ORTAKLIKLARI
49,ATSYH,MALİ KURULUŞLAR / HOLDİNGLER VE YATIRIM ŞİRKETLERİ
50,ATLAS,MALİ KURULUŞLAR / MENKUL KIYMET YATIRIM ORTAKLIKLARI
51,ATATP,TEKNOLOJİ / BİLİŞİM
52,AVGYO,MALİ KURULUŞLAR / GAYRİMENKUL YATIRIM ORTAKLIKLARI
53,AVTUR,OTELLER VE LOKANTALAR / KONAKLAMA
54,AVHOL,MALİ KURULUŞLAR / HOLDİNGLER VE YATIRIM ŞİRKETLERİ
55,AYDEM,ELEKTRİK GAZ VE SU / ELEKTRİK GAZ VE BUHAR
56,AYEN,ELEKTRİK GAZ VE SU / ELEKTRİK GAZ VE BUHAR
57,AYES,İMALAT / ANA METAL SANAYİ
58,AYGAZ,İMALAT / KİMYA İLAÇ PETROL LASTİK VE PLASTİK ÜRÜNLER
59,AZTEK,TEKNOLOJİ / BİLİŞİM
60,BAGFS,İMALAT / KİMYA İLAÇ PETROL LASTİK VE PLASTİK ÜRÜNLER
61,BAKAB,İMALAT / KAĞIT VE KAĞIT ÜRÜNLERİ BASIM
62,BALAT,İMALAT / METAL EŞYA MAKİNE ELEKTRİKLİ CİHAZLAR VE ULAŞIM ARAÇLARI
63,BNTAS,İMALAT / METAL EŞYA MAKİNE ELEKTRİKLİ CİHAZLAR VE ULAŞIM ARAÇLARI
64,BANVT,"İMALAT / GIDA, İÇECEK VE TÜTÜN"
65,BARMA,İMALAT / KAĞIT VE KAĞIT ÜRÜNLERİ BASIM
66,BASGZ,MALİ KURULUŞLAR / GAYRİMENKUL YATIRIM ORTAKLIKLARI
67,BASCM,İMALAT / TAŞ VE TOPRAĞA DAYALI
68,BTCIM,İMALAT / TAŞ VE TOPRAĞA DAYALI
69,BSOKE,İMALAT / TAŞ VE TOPRAĞA DAYALI
70,BAYRK,İMALAT / KİMYA İLAÇ PETROL LASTİK VE PLASTİK ÜRÜNLER
71,BERA,MALİ KURULUŞLAR / HOLDİNGLER VE YATIRIM ŞİRKETLERİ
72,BRKSN,İMALAT / KİMYA İLAÇ PETROL LASTİK VE PLASTİK ÜRÜNLER
73,BJKAS,"EĞİTİM, SAĞLIK, SPOR VE DİĞER SOSYAL HİZMETLER / SPOR FAALİYETLERİ EĞLENCE VE OYUN FAALİYETLERİ"
74,BEYAZ,ULAŞTIRMA VE DEPOLAMA / ULAŞTIRMA VE DEPOLAMA
75,BIENY,İMALAT / TAŞ VE TOPRAĞA DAYALI
76,BLCYT,"İMALAT / TEKSTİL, GİYİM EŞYASI VE DERİ"
77,BIMAS,TOPTAN VE PERAKENDE TİCARET / PERAKENDE TİCARET
78,BIOEN,ELEKTRİK GAZ VE SU / ELEKTRİK GAZ VE BUHAR
79,BRKVY,MALİ KURULUŞLAR / VARLIK YÖNETİM ŞİRKETLERİ
80,BRKO,"İMALAT / TEKSTİL, GİYİM EŞYASI VE DERİ"
81,BRLSM,İNŞAAT VE BAYINDIRLIK / İNŞAAT VE BAYINDIRLIK İŞLERİ
82,BRMEN,"İMALAT / TEKSTİL, GİYİM EŞYASI VE DERİ"
83,BIZIM,TOPTAN VE PERAKENDE TİCARET / PERAKENDE TİCARET
84,BMSTL,İMALAT / ANA METAL SANAYİ
85,BMSCH,İMALAT / ANA METAL SANAYİ
86,BOBET,İMALAT / TAŞ VE TOPRAĞA DAYALI
87,BRSAN,İMALAT / ANA METAL SANAYİ
88,BRYAT,MALİ KURULUŞLAR / HOLDİNGLER VE YATIRIM ŞİRKETLERİ
89,BFREN,İMALAT / METAL EŞYA MAKİNE ELEKTRİKLİ CİHAZLAR VE ULAŞIM ARAÇLARI
90,BOSSA,"İMALAT / TEKSTİL, GİYİM EŞYASI VE DERİ"
91,BRISA,İMALAT / KİMYA İLAÇ PETROL LASTİK VE PLASTİK ÜRÜNLER
92,BURCE,İMALAT / ANA METAL SANAYİ
93,BURVA,İMALAT / ANA METAL SANAYİ
94,BUCIM,İMALAT / TAŞ VE TOPRAĞA DAYALI
95,BVSAN,İMALAT / METAL EŞYA MAKİNE ELEKTRİKLİ CİHAZLAR VE ULAŞIM ARAÇLARI
96,BIGCH,OTELLER VE LOKANTALAR / YİYECEK VE İÇECEK HİZMETLERİ
97,CRFSA,TOPTAN VE PERAKENDE TİCARET / PERAKENDE TİCARET
98,CASA,TOPTAN VE PERAKENDE TİCARET / PERAKENDE TİCARET
99,CEOEM,"İDARİ VE DESTEK HİZMET FAALİYETLERİ / BÜRO YÖNETİMİ, BÜRO DESTEĞİ VE DİĞER ŞİRKET DESTEK FAALİYETLERİ"
100,CCOLA,"İMALAT / GIDA, İÇECEK VE TÜTÜN"
101,CONSE,ELEKTRİK GAZ VE SU / ELEKTRİK GAZ VE BUHAR
102,COSMO,MALİ KURULUŞLAR / HOLDİNGLER VE YATIRIM ŞİRKETLERİ
103,CRDFA,MALİ KURULUŞLAR / FİNANSAL KİRALAMA VE FAKTORİNG ŞİRKETLERİ
104,CVKMD,MADENCİLİK VE TAŞ OCAKÇILIĞI / METAL CEVHERİ MADENCİLİĞİ
105,CWENE,ELEKTRİK GAZ VE SU / ELEKTRİK GAZ VE BUHAR
106,CANTE,ELEKTRİK GAZ VE SU / ELEKTRİK GAZ VE BUHAR
107,CLEBI,ULAŞTIRMA VE DEPOLAMA / ULAŞTIRMA VE DEPOLAMA
108,CELHA,İMALAT / ANA METAL SANAYİ
109,CEMAS,İMALAT / ANA METAL SANAYİ
110,CEMTS,İMALAT / ANA METAL SANAYİ
111,CMBTN,İMALAT / TAŞ VE TOPRAĞA DAYALI
112,CMENT,İMALAT / TAŞ VE TOPRAĞA DAYALI
113,CIMSA,İMALAT / TAŞ VE TOPRAĞA DAYALI
114,CUSAN,İMALAT / ANA METAL SANAYİ
115,DAGI,"İMALAT / TEKSTİL, GİYİM EŞYASI VE DERİ"
116,DAGHL,MALİ KURULUŞLAR / HOLDİNGLER VE YATIRIM ŞİRKETLERİ
117,DAPGM,İNŞAAT VE BAYINDIRLIK / İNŞAAT VE BAYINDIRLIK İŞLERİ
118,DARDL,"İMALAT / GIDA, İÇECEK VE TÜTÜN"
119,DGATE,TEKNOLOJİ / BİLİŞİM
120,DMSAS,İMALAT / ANA METAL SANAYİ
121,DENGE,MALİ KURULUŞLAR / HOLDİNGLER VE YATIRIM ŞİRKETLERİ
122,DZGYO,MALİ KURULUŞLAR / GAYRİMENKUL YATIRIM ORTAKLIKLARI
123,DERIM,"İMALAT / TEKSTİL, GİYİM EŞYASI VE DERİ"
124,DERHL,MALİ KURULUŞLAR / HOLDİNGLER VE YATIRIM ŞİRKETLERİ
125,DESA,"İMALAT / TEKSTİL, GİYİM EŞYASI VE DERİ"
126,DESPC,TEKNOLOJİ / BİLİŞİM
127,DEVA,İMALAT / KİMYA İLAÇ PETROL LASTİK VE PLASTİK ÜRÜNLER
128,DNISI,İMALAT / KİMYA İLAÇ PETROL LASTİK VE PLASTİK ÜRÜNLER
129,DIRIT,"İMALAT / TEKSTİL, GİYİM EŞYASI VE DERİ"
130,DITAS,İMALAT / METAL EŞYA MAKİNE ELEKTRİKLİ CİHAZLAR VE ULAŞIM ARAÇLARI
131,DOCO,OTELLER VE LOKANTALAR / YİYECEK VE İÇECEK HİZMETLERİ
132,DOBUR,BİLGİ VE İLETİŞİM / YAYIMCILIK
133,DOHOL,MALİ KURULUŞLAR / HOLDİNGLER VE YATIRIM ŞİRKETLERİ
134,DGNMO,İMALAT / ORMAN ÜRÜNLERİ VE MOBİLYA
135,ARASE,ELEKTRİK GAZ VE SU / ELEKTRİK GAZ VE BUHAR
136,DOGUB,İMALAT / TAŞ VE TOPRAĞA DAYALI
137,DGGYO,MALİ KURULUŞLAR / GAYRİMENKUL YATIRIM ORTAKLIKLARI
138,DOAS,TOPTAN VE PERAKENDE TİCARET / TOPTAN TİCARET
139,DOKTA,İMALAT / ANA METAL SANAYİ
140,DURDO,İMALAT / KAĞIT VE KAĞIT ÜRÜNLERİ BASIM
141,DYOBY,İMALAT / KİMYA İLAÇ PETROL LASTİK VE PLASTİK ÜRÜNLER
142,EDATA,TEKNOLOJİ / BİLİŞİM
143,ECZYT,MALİ KURULUŞLAR / HOLDİNGLER VE YATIRIM ŞİRKETLERİ
144,EDIP,İNŞAAT VE BAYINDIRLIK / İNŞAAT VE BAYINDIRLIK İŞLERİ
145,EGEEN,İMALAT / METAL EŞYA MAKİNE ELEKTRİKLİ CİHAZLAR VE ULAŞIM ARAÇLARI
146,EGGUB,İMALAT / KİMYA İLAÇ PETROL LASTİK VE PLASTİK ÜRÜNLER
147,EGPRO,İMALAT / KİMYA İLAÇ PETROL LASTİK VE PLASTİK ÜRÜNLER
148,EGSER,İMALAT / TAŞ VE TOPRAĞA DAYALI
149,EPLAS,İMALAT / KİMYA İLAÇ PETROL LASTİK VE PLASTİK ÜRÜNLER
150,ECILC,MALİ KURULUŞLAR / HOLDİNGLER VE YATIRIM ŞİRKETLERİ
151,EKIZ,"İMALAT / GIDA, İÇECEK VE TÜTÜN"
152,EKSUN,"İMALAT / GIDA, İÇECEK VE TÜTÜN"
153,ELITE,"İMALAT / GIDA, İÇECEK VE TÜTÜN"
154,EMKEL,İMALAT / METAL EŞYA MAKİNE ELEKTRİKLİ CİHAZLAR VE ULAŞIM ARAÇLARI
155,EMNIS,İMALAT / KİMYA İLAÇ PETROL LASTİK VE PLASTİK ÜRÜNLER
156,EKGYO,MALİ KURULUŞLAR / GAYRİMENKUL YATIRIM ORTAKLIKLARI
157,ENJSA,ELEKTRİK GAZ VE SU / ELEKTRİK GAZ VE BUHAR
158,ENKAI,İNŞAAT VE BAYINDIRLIK / İNŞAAT VE BAYINDIRLIK İŞLERİ
159,ENSRI,"İMALAT / TEKSTİL, GİYİM EŞYASI VE DERİ"
160,ERBOS,İMALAT / ANA METAL SANAYİ
161,ERCB,İMALAT / ANA METAL SANAYİ
162,EREGL,İMALAT / ANA METAL SANAYİ
163,KIMMR,TOPTAN VE PERAKENDE TİCARET / PERAKENDE TİCARET
164,ERSU,"İMALAT / GIDA, İÇECEK VE TÜTÜN"
165,ESCAR,İDARİ VE DESTEK HİZMET FAALİYETLERİ / KİRALAMA VE LEASING FAALİYETLERİ
166,ESCOM,TEKNOLOJİ / BİLİŞİM
167,ESEN,ELEKTRİK GAZ VE SU / ELEKTRİK GAZ VE BUHAR
168,ETILR,OTELLER VE LOKANTALAR / YİYECEK VE İÇECEK HİZMETLERİ
169,EUKYO,MALİ KURULUŞLAR / MENKUL KIYMET YATIRIM ORTAKLIKLARI
170,EUYO,MALİ KURULUŞLAR / MENKUL KIYMET YATIRIM ORTAKLIKLARI
171,ETYAT,MALİ KURULUŞLAR / MENKUL KIYMET YATIRIM ORTAKLIKLARI
172,EUHOL,MALİ KURULUŞLAR / HOLDİNGLER VE YATIRIM ŞİRKETLERİ
173,TEZOL,İMALAT / KAĞIT VE KAĞIT ÜRÜNLERİ BASIM
174,EUREN,İMALAT / KİMYA İLAÇ PETROL LASTİK VE PLASTİK ÜRÜNLER
175,EUPWR,İMALAT / METAL EŞYA MAKİNE ELEKTRİKLİ CİHAZLAR VE ULAŞIM ARAÇLARI
176,EYGYO,MALİ KURULUŞLAR / GAYRİMENKUL YATIRIM ORTAKLIKLARI
177,FADE,"İMALAT / GIDA, İÇECEK VE TÜTÜN"
178,FMIZP,İMALAT / METAL EŞYA MAKİNE ELEKTRİKLİ CİHAZLAR VE ULAŞIM ARAÇLARI
179,FENER,"EĞİTİM, SAĞLIK, SPOR VE DİĞER SOSYAL HİZMETLER / SPOR FAALİYETLERİ EĞLENCE VE OYUN FAALİYETLERİ"
180,FLAP,"İDARİ VE DESTEK HİZMET FAALİYETLERİ / BÜRO YÖNETİMİ, BÜRO DESTEĞİ VE DİĞER ŞİRKET DESTEK FAALİYETLERİ"
181,FONET,TEKNOLOJİ / BİLİŞİM
182,FROTO,İMALAT / METAL EŞYA MAKİNE ELEKTRİKLİ CİHAZLAR VE ULAŞIM ARAÇLARI
183,FORMT,İMALAT / METAL EŞYA MAKİNE ELEKTRİKLİ CİHAZLAR VE ULAŞIM ARAÇLARI
184,FORTE,TEKNOLOJİ / BİLİŞİM
185,FRIGO,"İMALAT / GIDA, İÇECEK VE TÜTÜN"
186,FZLGY,MALİ KURULUŞLAR / GAYRİMENKUL YATIRIM ORTAKLIKLARI
187,GWIND,ELEKTRİK GAZ VE SU / ELEKTRİK GAZ VE BUHAR
188,GSRAY,"EĞİTİM, SAĞLIK, SPOR VE DİĞER SOSYAL HİZMETLER / SPOR FAALİYETLERİ EĞLENCE VE OYUN FAALİYETLERİ"
189,GARFA,MALİ KURULUŞLAR / FİNANSAL KİRALAMA VE FAKTORİNG ŞİRKETLERİ
190,GRNYO,MALİ KURULUŞLAR / MENKUL KIYMET YATIRIM ORTAKLIKLARI
191,GEDIK,MALİ KURULUŞLAR / ARACI KURUMLAR
192,GEDZA,İMALAT / KİMYA İLAÇ PETROL LASTİK VE PLASTİK ÜRÜNLER
193,GLCVY,MALİ KURULUŞLAR / VARLIK YÖNETİM ŞİRKETLERİ
194,GENIL,TOPTAN VE PERAKENDE TİCARET / TOPTAN TİCARET
195,GENTS,İMALAT / ORMAN ÜRÜNLERİ VE MOBİLYA
196,GEREL,İMALAT / METAL EŞYA MAKİNE ELEKTRİKLİ CİHAZLAR VE ULAŞIM ARAÇLARI
197,GZNMI,"İDARİ VE DESTEK HİZMET FAALİYETLERİ / SEYAHAT ACENTESİ, TUR OPERATÖRÜ VE DİĞER REZERVASYON HİZMETLERİ İLE İLGİLİ FAALİYETLER"
198,GMTAS,TOPTAN VE PERAKENDE TİCARET / PERAKENDE TİCARET
199,GESAN,İNŞAAT VE BAYINDIRLIK / İNŞAAT VE BAYINDIRLIK İŞLERİ
200,"GLB, GLBMD",MALİ KURULUŞLAR / ARACI KURUMLAR
201,GLYHO,MALİ KURULUŞLAR / HOLDİNGLER VE YATIRIM ŞİRKETLERİ
202,GOODY,İMALAT / KİMYA İLAÇ PETROL LASTİK VE PLASTİK ÜRÜNLER
203,GOKNR,"İMALAT / GIDA, İÇECEK VE TÜTÜN"
204,GOLTS,İMALAT / TAŞ VE TOPRAĞA DAYALI
205,GOZDE,MALİ KURULUŞLAR / GİRİŞİM SERMAYESİ YATIRIM ORTAKLIKLARI
206,GRTRK,TOPTAN VE PERAKENDE TİCARET / TOPTAN TİCARET
207,GSDDE,ULAŞTIRMA VE DEPOLAMA / ULAŞTIRMA VE DEPOLAMA
208,GSDHO,MALİ KURULUŞLAR / HOLDİNGLER VE YATIRIM ŞİRKETLERİ
209,GUBRF,İMALAT / KİMYA İLAÇ PETROL LASTİK VE PLASTİK ÜRÜNLER
210,GLRYH,MALİ KURULUŞLAR / HOLDİNGLER VE YATIRIM ŞİRKETLERİ
211,GRSEL,ULAŞTIRMA VE DEPOLAMA / ULAŞTIRMA VE DEPOLAMA
212,SAHOL,MALİ KURULUŞLAR / HOLDİNGLER VE YATIRIM ŞİRKETLERİ
213,HLGYO,MALİ KURULUŞLAR / GAYRİMENKUL YATIRIM ORTAKLIKLARI
214,HATEK,"İMALAT / TEKSTİL, GİYİM EŞYASI VE DERİ"
215,HDFGS,MALİ KURULUŞLAR / GİRİŞİM SERMAYESİ YATIRIM ORTAKLIKLARI
216,HEDEF,MALİ KURULUŞLAR / HOLDİNGLER VE YATIRIM ŞİRKETLERİ
217,HEKTS,İMALAT / KİMYA İLAÇ PETROL LASTİK VE PLASTİK ÜRÜNLER
218,HKTM,İMALAT / METAL EŞYA MAKİNE ELEKTRİKLİ CİHAZLAR VE ULAŞIM ARAÇLARI
219,HTTBT,TEKNOLOJİ / BİLİŞİM
220,HUBVC,MALİ KURULUŞLAR / GİRİŞİM SERMAYESİ YATIRIM ORTAKLIKLARI
221,HUNER,ELEKTRİK GAZ VE SU / ELEKTRİK GAZ VE BUHAR
222,HURGZ,BİLGİ VE İLETİŞİM / YAYIMCILIK
223,"ICB, ICBCT",MALİ KURULUŞLAR / BANKALAR
224,ICUGS,MALİ KURULUŞLAR / GİRİŞİM SERMAYESİ YATIRIM ORTAKLIKLARI
225,INGRM,TEKNOLOJİ / BİLİŞİM
226,INVEO,MALİ KURULUŞLAR / HOLDİNGLER VE YATIRIM ŞİRKETLERİ
227,INVES,MALİ KURULUŞLAR / HOLDİNGLER VE YATIRIM ŞİRKETLERİ
228,ISKPL,İMALAT / KİMYA İLAÇ PETROL LASTİK VE PLASTİK ÜRÜNLER
229,IEYHO,MALİ KURULUŞLAR / HOLDİNGLER VE YATIRIM ŞİRKETLERİ
230,IDEAS,"MESLEKİ, BİLİMSEL VE TEKNİK FAALİYETLER / HUKUK VE MUHASEBE FAALİYETLERİ"
231,IDGYO,MALİ KURULUŞLAR / GAYRİMENKUL YATIRIM ORTAKLIKLARI
232,IHEVA,İMALAT / METAL EŞYA MAKİNE ELEKTRİKLİ CİHAZLAR VE ULAŞIM ARAÇLARI
233,IHLGM,GAYRİMENKUL FAALİYETLERİ / GAYRİMENKUL FAALİYETLERİ
234,IHGZT,BİLGİ VE İLETİŞİM / YAYIMCILIK
235,IHAAS,BİLGİ VE İLETİŞİM / BİLGİ HİZMET FAALİYETLERİ
236,IHLAS,MALİ KURULUŞLAR / HOLDİNGLER VE YATIRIM ŞİRKETLERİ
237,IHYAY,MALİ KURULUŞLAR / HOLDİNGLER VE YATIRIM ŞİRKETLERİ
238,IMASM,İMALAT / METAL EŞYA MAKİNE ELEKTRİKLİ CİHAZLAR VE ULAŞIM ARAÇLARI
239,INDES,TEKNOLOJİ / BİLİŞİM
240,"INFO, IYF",MALİ KURULUŞLAR / ARACI KURUMLAR
241,INTEM,TOPTAN VE PERAKENDE TİCARET / TOPTAN TİCARET
242,IPEKE,MADENCİLİK VE TAŞ OCAKÇILIĞI / HAM PETROL VE DOĞAL GAZ ÇIKARTILMASI
243,ISDMR,İMALAT / ANA METAL SANAYİ
244,ISFIN,MALİ KURULUŞLAR / FİNANSAL KİRALAMA VE FAKTORİNG ŞİRKETLERİ
245,ISGYO,MALİ KURULUŞLAR / GAYRİMENKUL YATIRIM ORTAKLIKLARI
246,ISGSY,MALİ KURULUŞLAR / GİRİŞİM SERMAYESİ YATIRIM ORTAKLIKLARI
247,"ISMEN, IYM",MALİ KURULUŞLAR / ARACI KURUMLAR
248,ISYAT,MALİ KURULUŞLAR / MENKUL KIYMET YATIRIM ORTAKLIKLARI
249,ISBIR,MALİ KURULUŞLAR / HOLDİNGLER VE YATIRIM ŞİRKETLERİ
250,ISSEN,"İMALAT / TEKSTİL, GİYİM EŞYASI VE DERİ"
251,ITTFH,MALİ KURULUŞLAR / HOLDİNGLER VE YATIRIM ŞİRKETLERİ
252,IZINV,"TARIM, ORMANCILIK VE BALIKÇILIK / TARIM VE HAYVANCILIK AVCILIK VE İLGİLİ HİZMET FAALİYETLERİ"
253,IZMDC,İMALAT / ANA METAL SANAYİ
254,IZFAS,İMALAT / KİMYA İLAÇ PETROL LASTİK VE PLASTİK ÜRÜNLER
255,JANTS,İMALAT / METAL EŞYA MAKİNE ELEKTRİKLİ CİHAZLAR VE ULAŞIM ARAÇLARI
256,KFEIN,TEKNOLOJİ / BİLİŞİM
257,KLKIM,İMALAT / TAŞ VE TOPRAĞA DAYALI
258,KLSER,İMALAT / TAŞ VE TOPRAĞA DAYALI
259,KAPLM,İMALAT / KAĞIT VE KAĞIT ÜRÜNLERİ BASIM
260,"KRDMA, KRDMB, KRDMD",İMALAT / ANA METAL SANAYİ
261,KAREL,TEKNOLOJİ / BİLİŞİM
262,KARSN,İMALAT / METAL EŞYA MAKİNE ELEKTRİKLİ CİHAZLAR VE ULAŞIM ARAÇLARI
263,KRTEK,"İMALAT / TEKSTİL, GİYİM EŞYASI VE DERİ"
264,KARYE,ELEKTRİK GAZ VE SU / ELEKTRİK GAZ VE BUHAR
265,KARTN,İMALAT / KAĞIT VE KAĞIT ÜRÜNLERİ BASIM
266,KTLEV,MALİ KURULUŞLAR / FİNANSMAN ŞİRKETLERİ
267,KATMR,İMALAT / METAL EŞYA MAKİNE ELEKTRİKLİ CİHAZLAR VE ULAŞIM ARAÇLARI
268,KAYSE,"İMALAT / GIDA, İÇECEK VE TÜTÜN"
269,KENT,"İMALAT / GIDA, İÇECEK VE TÜTÜN"
270,KERVT,"İMALAT / GIDA, İÇECEK VE TÜTÜN"
271,KRVGD,"İMALAT / GIDA, İÇECEK VE TÜTÜN"
272,KERVN,MALİ KURULUŞLAR / HOLDİNGLER VE YATIRIM ŞİRKETLERİ
273,KZBGY,MALİ KURULUŞLAR / GAYRİMENKUL YATIRIM ORTAKLIKLARI
274,KLGYO,MALİ KURULUŞLAR / GAYRİMENKUL YATIRIM ORTAKLIKLARI
275,KLRHO,MALİ KURULUŞLAR / HOLDİNGLER VE YATIRIM ŞİRKETLERİ
276,KMPUR,İMALAT / KİMYA İLAÇ PETROL LASTİK VE PLASTİK ÜRÜNLER
277,KLMSN,İMALAT / METAL EŞYA MAKİNE ELEKTRİKLİ CİHAZLAR VE ULAŞIM ARAÇLARI
278,KCAER,İMALAT / ANA METAL SANAYİ
279,KCHOL,MALİ KURULUŞLAR / HOLDİNGLER VE YATIRIM ŞİRKETLERİ
280,KLSYN,İMALAT / ORMAN ÜRÜNLERİ VE MOBİLYA
281,KNFRT,"İMALAT / GIDA, İÇECEK VE TÜTÜN"
282,KONTR,"MESLEKİ, BİLİMSEL VE TEKNİK FAALİYETLER / MİMARLIK VE MÜHENDİSLİK FAALİYETLERİ; TEKNİK MUAYENE VE ANALİZ"
283,KONYA,İMALAT / TAŞ VE TOPRAĞA DAYALI
284,KONKA,İMALAT / KAĞIT VE KAĞIT ÜRÜNLERİ BASIM
285,KGYO,MALİ KURULUŞLAR / GAYRİMENKUL YATIRIM ORTAKLIKLARI
286,KORDS,"İMALAT / TEKSTİL, GİYİM EŞYASI VE DERİ"
287,KRPLS,İMALAT / KİMYA İLAÇ PETROL LASTİK VE PLASTİK ÜRÜNLER
288,KOZAL,MADENCİLİK VE TAŞ OCAKÇILIĞI / METAL CEVHERİ MADENCİLİĞİ
289,KOZAA,MADENCİLİK VE TAŞ OCAKÇILIĞI / METAL CEVHERİ MADENCİLİĞİ
290,KOPOL,İMALAT / KİMYA İLAÇ PETROL LASTİK VE PLASTİK ÜRÜNLER
291,KRGYO,MALİ KURULUŞLAR / GAYRİMENKUL YATIRIM ORTAKLIKLARI
292,KRSTL,"İMALAT / GIDA, İÇECEK VE TÜTÜN"
293,KRONT,TEKNOLOJİ / BİLİŞİM
294,KSTUR,OTELLER VE LOKANTALAR / KONAKLAMA
295,KUVVA,TOPTAN VE PERAKENDE TİCARET / TOPTAN TİCARET
296,KUYAS,İNŞAAT VE BAYINDIRLIK / İNŞAAT VE BAYINDIRLIK İŞLERİ
297,KUTPO,İMALAT / TAŞ VE TOPRAĞA DAYALI
298,KTSKR,"İMALAT / GIDA, İÇECEK VE TÜTÜN"
299,LIDER,İDARİ VE DESTEK HİZMET FAALİYETLERİ / KİRALAMA VE LEASING FAALİYETLERİ
300,LIDFA,MALİ KURULUŞLAR / FİNANSAL KİRALAMA VE FAKTORİNG ŞİRKETLERİ
301,LINK,TEKNOLOJİ / BİLİŞİM
302,LOGO,TEKNOLOJİ / BİLİŞİM
303,LKMNH,"EĞİTİM, SAĞLIK, SPOR VE DİĞER SOSYAL HİZMETLER / İNSAN SAĞLIĞI VE SOSYAL HİZMETLER"
304,LUKSK,"İMALAT / TEKSTİL, GİYİM EŞYASI VE DERİ"
305,MACKO,"EĞİTİM, SAĞLIK, SPOR VE DİĞER SOSYAL HİZMETLER / SPOR EĞLENCE BOŞ ZAMANLARI DEĞERLENDİRME HİZMETLERİ"
306,MAKIM,İMALAT / METAL EŞYA MAKİNE ELEKTRİKLİ CİHAZLAR VE ULAŞIM ARAÇLARI
307,MAKTK,İMALAT / METAL EŞYA MAKİNE ELEKTRİKLİ CİHAZLAR VE ULAŞIM ARAÇLARI
308,MANAS,TEKNOLOJİ / BİLİŞİM
309,MAGEN,ELEKTRİK GAZ VE SU / ELEKTRİK GAZ VE BUHAR
310,MARKA,MALİ KURULUŞLAR / HOLDİNGLER VE YATIRIM ŞİRKETLERİ
311,MAALT,OTELLER VE LOKANTALAR / KONAKLAMA
312,MRSHL,İMALAT / KİMYA İLAÇ PETROL LASTİK VE PLASTİK ÜRÜNLER
313,MRGYO,MALİ KURULUŞLAR / GAYRİMENKUL YATIRIM ORTAKLIKLARI
314,MARTI,OTELLER VE LOKANTALAR / KONAKLAMA
315,MTRKS,TEKNOLOJİ / BİLİŞİM
316,MAVI,TOPTAN VE PERAKENDE TİCARET / PERAKENDE TİCARET
317,MZHLD,MALİ KURULUŞLAR / HOLDİNGLER VE YATIRIM ŞİRKETLERİ
318,MEDTR,İMALAT / KİMYA İLAÇ PETROL LASTİK VE PLASTİK ÜRÜNLER
319,MEGAP,"İMALAT / TEKSTİL, GİYİM EŞYASI VE DERİ"
320,MNDRS,"İMALAT / TEKSTİL, GİYİM EŞYASI VE DERİ"
321,MEPET,TOPTAN VE PERAKENDE TİCARET / PERAKENDE TİCARET
322,MERCN,İMALAT / KİMYA İLAÇ PETROL LASTİK VE PLASTİK ÜRÜNLER
323,MERIT,OTELLER VE LOKANTALAR / KONAKLAMA
324,MERKO,"İMALAT / GIDA, İÇECEK VE TÜTÜN"
325,METUR,MALİ KURULUŞLAR / HOLDİNGLER VE YATIRIM ŞİRKETLERİ
326,METRO,MALİ KURULUŞLAR / HOLDİNGLER VE YATIRIM ŞİRKETLERİ
327,MTRYO,MALİ KURULUŞLAR / MENKUL KIYMET YATIRIM ORTAKLIKLARI
328,MIATK,TEKNOLOJİ / BİLİŞİM
329,MGROS,TOPTAN VE PERAKENDE TİCARET / PERAKENDE TİCARET
330,MIPAZ,TOPTAN VE PERAKENDE TİCARET / PERAKENDE TİCARET
331,MSGYO,MALİ KURULUŞLAR / GAYRİMENKUL YATIRIM ORTAKLIKLARI
332,MPARK,"EĞİTİM, SAĞLIK, SPOR VE DİĞER SOSYAL HİZMETLER / İNSAN SAĞLIĞI VE SOSYAL HİZMETLER"
333,MMCAS,MALİ KURULUŞLAR / HOLDİNGLER VE YATIRIM ŞİRKETLERİ
334,MOBTL,TEKNOLOJİ / BİLİŞİM
335,MNDTR,İMALAT / KAĞIT VE KAĞIT ÜRÜNLERİ BASIM
336,EGEPO,"EĞİTİM, SAĞLIK, SPOR VE DİĞER SOSYAL HİZMETLER / İNSAN SAĞLIĞI VE SOSYAL HİZMETLER"
337,NATEN,ELEKTRİK GAZ VE SU / ELEKTRİK GAZ VE BUHAR
338,NTGAZ,ELEKTRİK GAZ VE SU / ELEKTRİK GAZ VE BUHAR
339,NTHOL,MALİ KURULUŞLAR / HOLDİNGLER VE YATIRIM ŞİRKETLERİ
340,NETAS,TEKNOLOJİ / BİLİŞİM
341,NIBAS,İMALAT / TAŞ VE TOPRAĞA DAYALI
342,NUHCM,İMALAT / TAŞ VE TOPRAĞA DAYALI
343,NUGYO,MALİ KURULUŞLAR / GAYRİMENKUL YATIRIM ORTAKLIKLARI
344,OBASE,TEKNOLOJİ / BİLİŞİM
345,ODAS,ELEKTRİK GAZ VE SU / ELEKTRİK GAZ VE BUHAR
346,ONCSM,İMALAT / KİMYA İLAÇ PETROL LASTİK VE PLASTİK ÜRÜNLER
347,ORCAY,"İMALAT / GIDA, İÇECEK VE TÜTÜN"
348,ORGE,İNŞAAT VE BAYINDIRLIK / İNŞAAT VE BAYINDIRLIK İŞLERİ
349,ORMA,İMALAT / ORMAN ÜRÜNLERİ VE MOBİLYA
350,"OMD, OSMEN",MALİ KURULUŞLAR / ARACI KURUMLAR
351,OSTIM,MALİ KURULUŞLAR / HOLDİNGLER VE YATIRIM ŞİRKETLERİ
352,OTKAR,İMALAT / METAL EŞYA MAKİNE ELEKTRİKLİ CİHAZLAR VE ULAŞIM ARAÇLARI
353,OTTO,MALİ KURULUŞLAR / HOLDİNGLER VE YATIRIM ŞİRKETLERİ
354,OYAKC,İMALAT / TAŞ VE TOPRAĞA DAYALI
355,"OYA, OYYAT",MALİ KURULUŞLAR / ARACI KURUMLAR
356,OYAYO,MALİ KURULUŞLAR / MENKUL KIYMET YATIRIM ORTAKLIKLARI
357,OYLUM,"İMALAT / GIDA, İÇECEK VE TÜTÜN"
358,OZKGY,MALİ KURULUŞLAR / GAYRİMENKUL YATIRIM ORTAKLIKLARI
359,OZGYO,MALİ KURULUŞLAR / GAYRİMENKUL YATIRIM ORTAKLIKLARI
360,OZRDN,İMALAT / KİMYA İLAÇ PETROL LASTİK VE PLASTİK ÜRÜNLER
361,OZSUB,"TARIM, ORMANCILIK VE BALIKÇILIK / BALIKÇILIK VE SU ÜRÜNLERİ"
362,PAMEL,ELEKTRİK GAZ VE SU / ELEKTRİK GAZ VE BUHAR
363,PNLSN,İMALAT / ANA METAL SANAYİ
364,PAGYO,MALİ KURULUŞLAR / GAYRİMENKUL YATIRIM ORTAKLIKLARI
365,PAPIL,TEKNOLOJİ / BİLİŞİM
366,PRDGS,MALİ KURULUŞLAR / GİRİŞİM SERMAYESİ YATIRIM ORTAKLIKLARI
367,PRKME,MADENCİLİK VE TAŞ OCAKÇILIĞI / KÖMÜR VE LİNYİT MADENCİLİĞİ
368,PARSN,İMALAT / METAL EŞYA MAKİNE ELEKTRİKLİ CİHAZLAR VE ULAŞIM ARAÇLARI
369,PASEU,ULAŞTIRMA VE DEPOLAMA / ULAŞTIRMA VE DEPOLAMA
370,PSGYO,MALİ KURULUŞLAR / GAYRİMENKUL YATIRIM ORTAKLIKLARI
371,PCILT,"MESLEKİ, BİLİMSEL VE TEKNİK FAALİYETLER / REKLAMCILIK VE PAZAR ARAŞTIRMASI"
372,PGSUS,ULAŞTIRMA VE DEPOLAMA / ULAŞTIRMA VE DEPOLAMA
373,PEKGY,MALİ KURULUŞLAR / GAYRİMENKUL YATIRIM ORTAKLIKLARI
374,PENGD,"İMALAT / GIDA, İÇECEK VE TÜTÜN"
375,PENTA,TEKNOLOJİ / BİLİŞİM
376,PEGYO,MALİ KURULUŞLAR / GAYRİMENKUL YATIRIM ORTAKLIKLARI
377,PSDTC,TOPTAN VE PERAKENDE TİCARET / TOPTAN TİCARET
378,PETKM,İMALAT / KİMYA İLAÇ PETROL LASTİK VE PLASTİK ÜRÜNLER
379,PKENT,OTELLER VE LOKANTALAR / KONAKLAMA
380,PETUN,"İMALAT / GIDA, İÇECEK VE TÜTÜN"
381,PINSU,"İMALAT / GIDA, İÇECEK VE TÜTÜN"
382,PNSUT,"İMALAT / GIDA, İÇECEK VE TÜTÜN"
383,PKART,TEKNOLOJİ / BİLİŞİM
384,PLTUR,İDARİ VE DESTEK HİZMET FAALİYETLERİ / KİRALAMA VE LEASING FAALİYETLERİ
385,POLHO,MALİ KURULUŞLAR / HOLDİNGLER VE YATIRIM ŞİRKETLERİ
386,POLTK,İMALAT / KİMYA İLAÇ PETROL LASTİK VE PLASTİK ÜRÜNLER
387,PRZMA,İMALAT / KAĞIT VE KAĞIT ÜRÜNLERİ BASIM
388,QNBFL,MALİ KURULUŞLAR / FİNANSAL KİRALAMA VE FAKTORİNG ŞİRKETLERİ
389,"FIN, QNBFB",MALİ KURULUŞLAR / BANKALAR
390,QUAGR,İMALAT / TAŞ VE TOPRAĞA DAYALI
391,RNPOL,İMALAT / KİMYA İLAÇ PETROL LASTİK VE PLASTİK ÜRÜNLER
392,RALYH,MALİ KURULUŞLAR / HOLDİNGLER VE YATIRIM ŞİRKETLERİ
393,RAYSG,MALİ KURULUŞLAR / SİGORTA ŞİRKETLERİ
394,RYGYO,MALİ KURULUŞLAR / GAYRİMENKUL YATIRIM ORTAKLIKLARI
395,RYSAS,ULAŞTIRMA VE DEPOLAMA / ULAŞTIRMA VE DEPOLAMA
396,RODRG,"İMALAT / TEKSTİL, GİYİM EŞYASI VE DERİ"
397,ROYAL,"İMALAT / TEKSTİL, GİYİM EŞYASI VE DERİ"
398,RTALB,İMALAT / KİMYA İLAÇ PETROL LASTİK VE PLASTİK ÜRÜNLER
399,RUBNS,"İMALAT / TEKSTİL, GİYİM EŞYASI VE DERİ"
400,SAFKR,İMALAT / METAL EŞYA MAKİNE ELEKTRİKLİ CİHAZLAR VE ULAŞIM ARAÇLARI
401,SANEL,İNŞAAT VE BAYINDIRLIK / İNŞAAT VE BAYINDIRLIK İŞLERİ
402,SNICA,İMALAT / METAL EŞYA MAKİNE ELEKTRİKLİ CİHAZLAR VE ULAŞIM ARAÇLARI
403,SANFM,İMALAT / KİMYA İLAÇ PETROL LASTİK VE PLASTİK ÜRÜNLER
404,SANKO,TOPTAN VE PERAKENDE TİCARET / TOPTAN TİCARET
405,SAMAT,İMALAT / KAĞIT VE KAĞIT ÜRÜNLERİ BASIM
406,SARKY,İMALAT / ANA METAL SANAYİ
407,SASA,İMALAT / KİMYA İLAÇ PETROL LASTİK VE PLASTİK ÜRÜNLER
408,SAYAS,İMALAT / METAL EŞYA MAKİNE ELEKTRİKLİ CİHAZLAR VE ULAŞIM ARAÇLARI
409,SDTTR,TEKNOLOJİ / SAVUNMA
410,SEKUR,İMALAT / KİMYA İLAÇ PETROL LASTİK VE PLASTİK ÜRÜNLER
411,SELEC,TOPTAN VE PERAKENDE TİCARET / TOPTAN TİCARET
412,SELGD,"İMALAT / GIDA, İÇECEK VE TÜTÜN"
413,SELVA,"İMALAT / GIDA, İÇECEK VE TÜTÜN"
414,SNKRN,İDARİ VE DESTEK HİZMET FAALİYETLERİ / GÜVENLİK VE SORUŞTURMA FAALİYETLERİ
415,SRVGY,MALİ KURULUŞLAR / GAYRİMENKUL YATIRIM ORTAKLIKLARI
416,SEYKM,İMALAT / KİMYA İLAÇ PETROL LASTİK VE PLASTİK ÜRÜNLER
417,SILVR,İMALAT / METAL EŞYA MAKİNE ELEKTRİKLİ CİHAZLAR VE ULAŞIM ARAÇLARI
418,SNGYO,MALİ KURULUŞLAR / GAYRİMENKUL YATIRIM ORTAKLIKLARI
419,SMRTG,ELEKTRİK GAZ VE SU / ELEKTRİK GAZ VE BUHAR
420,SMART,TEKNOLOJİ / BİLİŞİM
421,SODSN,İMALAT / KİMYA İLAÇ PETROL LASTİK VE PLASTİK ÜRÜNLER
422,SOKE,"İMALAT / GIDA, İÇECEK VE TÜTÜN"
423,SKTAS,"İMALAT / TEKSTİL, GİYİM EŞYASI VE DERİ"
424,SONME,GAYRİMENKUL FAALİYETLERİ / GAYRİMENKUL FAALİYETLERİ
425,SNPAM,"İMALAT / TEKSTİL, GİYİM EŞYASI VE DERİ"
426,SUMAS,İMALAT / ORMAN ÜRÜNLERİ VE MOBİLYA
427,SUNTK,"İMALAT / TEKSTİL, GİYİM EŞYASI VE DERİ"
428,SUWEN,TOPTAN VE PERAKENDE TİCARET / PERAKENDE TİCARET
429,SEKFK,MALİ KURULUŞLAR / FİNANSAL KİRALAMA VE FAKTORİNG ŞİRKETLERİ
430,SEGYO,MALİ KURULUŞLAR / GAYRİMENKUL YATIRIM ORTAKLIKLARI
431,"SEK, SKBNK",MALİ KURULUŞLAR / BANKALAR
432,SOKM,TOPTAN VE PERAKENDE TİCARET / PERAKENDE TİCARET
433,TNZTP,"EĞİTİM, SAĞLIK, SPOR VE DİĞER SOSYAL HİZMETLER / İNSAN SAĞLIĞI VE SOSYAL HİZMETLER"
434,TATGD,"İMALAT / GIDA, İÇECEK VE TÜTÜN"
435,TAVHL,MALİ KURULUŞLAR / HOLDİNGLER VE YATIRIM ŞİRKETLERİ
436,TEKTU,OTELLER VE LOKANTALAR / KONAKLAMA
437,TKFEN,MALİ KURULUŞLAR / HOLDİNGLER VE YATIRIM ŞİRKETLERİ
438,TKNSA,TOPTAN VE PERAKENDE TİCARET / PERAKENDE TİCARET
439,TMPOL,İMALAT / KİMYA İLAÇ PETROL LASTİK VE PLASTİK ÜRÜNLER
440,"TERA, TRA",MALİ KURULUŞLAR / ARACI KURUMLAR
441,TETMT,"İMALAT / GIDA, İÇECEK VE TÜTÜN"
442,TGSAS,TOPTAN VE PERAKENDE TİCARET / TOPTAN TİCARET
443,TOASO,İMALAT / METAL EŞYA MAKİNE ELEKTRİKLİ CİHAZLAR VE ULAŞIM ARAÇLARI
444,TRGYO,MALİ KURULUŞLAR / GAYRİMENKUL YATIRIM ORTAKLIKLARI
445,TLMAN,ULAŞTIRMA VE DEPOLAMA / ULAŞTIRMA VE DEPOLAMA
446,TSPOR,"EĞİTİM, SAĞLIK, SPOR VE DİĞER SOSYAL HİZMETLER / SPOR FAALİYETLERİ EĞLENCE VE OYUN FAALİYETLERİ"
447,TDGYO,MALİ KURULUŞLAR / GAYRİMENKUL YATIRIM ORTAKLIKLARI
448,TSGYO,MALİ KURULUŞLAR / GAYRİMENKUL YATIRIM ORTAKLIKLARI
449,TUCLK,İMALAT / ANA METAL SANAYİ
450,TUKAS,"İMALAT / GIDA, İÇECEK VE TÜTÜN"
451,TRCAS,MALİ KURULUŞLAR / HOLDİNGLER VE YATIRIM ŞİRKETLERİ
452,TUREX,ULAŞTIRMA VE DEPOLAMA / ULAŞTIRMA VE DEPOLAMA
453,TRILC,İMALAT / KİMYA İLAÇ PETROL LASTİK VE PLASTİK ÜRÜNLER
454,TCELL,BİLGİ VE İLETİŞİM / TELEKOMÜNİKASYON
455,TMSN,İMALAT / METAL EŞYA MAKİNE ELEKTRİKLİ CİHAZLAR VE ULAŞIM ARAÇLARI
456,TUPRS,İMALAT / KİMYA İLAÇ PETROL LASTİK VE PLASTİK ÜRÜNLER
457,THYAO,ULAŞTIRMA VE DEPOLAMA / ULAŞTIRMA VE DEPOLAMA
458,PRKAB,İMALAT / METAL EŞYA MAKİNE ELEKTRİKLİ CİHAZLAR VE ULAŞIM ARAÇLARI
459,TTKOM,BİLGİ VE İLETİŞİM / TELEKOMÜNİKASYON
460,TTRAK,İMALAT / METAL EŞYA MAKİNE ELEKTRİKLİ CİHAZLAR VE ULAŞIM ARAÇLARI
461,TBORG,"İMALAT / GIDA, İÇECEK VE TÜTÜN"
462,TURGG,İNŞAAT VE BAYINDIRLIK / İNŞAAT VE BAYINDIRLIK İŞLERİ
463,"GARAN, TGB",MALİ KURULUŞLAR / BANKALAR
464,"HALKB, THL",MALİ KURULUŞLAR / BANKALAR
465,"ISATR, ISBTR, ISCTR, ISKUR, TIB",MALİ KURULUŞLAR / BANKALAR
466,"KLN, KLNMA",MALİ KURULUŞLAR / BANKALAR
467,"TSK, TSKB",MALİ KURULUŞLAR / BANKALAR
468,TURSG,MALİ KURULUŞLAR / SİGORTA ŞİRKETLERİ
469,SISE,MALİ KURULUŞLAR / HOLDİNGLER VE YATIRIM ŞİRKETLERİ
470,"TVB, VAKBN",MALİ KURULUŞLAR / BANKALAR
471,UFUK,MALİ KURULUŞLAR / HOLDİNGLER VE YATIRIM ŞİRKETLERİ
472,ULAS,OTELLER VE LOKANTALAR / KONAKLAMA
473,ULUFA,MALİ KURULUŞLAR / FİNANSAL KİRALAMA VE FAKTORİNG ŞİRKETLERİ
474,ULUSE,İMALAT / METAL EŞYA MAKİNE ELEKTRİKLİ CİHAZLAR VE ULAŞIM ARAÇLARI
475,ULUUN,"İMALAT / GIDA, İÇECEK VE TÜTÜN"
476,UMPAS,MALİ KURULUŞLAR / HOLDİNGLER VE YATIRIM ŞİRKETLERİ
477,USAK,İMALAT / TAŞ VE TOPRAĞA DAYALI
478,UZERB,TOPTAN VE PERAKENDE TİCARET / TOPTAN TİCARET
479,ULKER,"İMALAT / GIDA, İÇECEK VE TÜTÜN"
480,UNLU,MALİ KURULUŞLAR / HOLDİNGLER VE YATIRIM ŞİRKETLERİ
481,VAKFN,MALİ KURULUŞLAR / FİNANSAL KİRALAMA VE FAKTORİNG ŞİRKETLERİ
482,VKGYO,MALİ KURULUŞLAR / GAYRİMENKUL YATIRIM ORTAKLIKLARI
483,VKFYO,MALİ KURULUŞLAR / MENKUL KIYMET YATIRIM ORTAKLIKLARI
484,VAKKO,TOPTAN VE PERAKENDE TİCARET / PERAKENDE TİCARET
485,VANGD,"İMALAT / GIDA, İÇECEK VE TÜTÜN"
486,VBTYZ,TEKNOLOJİ / BİLİŞİM
487,VERUS,MALİ KURULUŞLAR / HOLDİNGLER VE YATIRIM ŞİRKETLERİ
488,VERTU,MALİ KURULUŞLAR / GİRİŞİM SERMAYESİ YATIRIM ORTAKLIKLARI
489,VESBE,İMALAT / METAL EŞYA MAKİNE ELEKTRİKLİ CİHAZLAR VE ULAŞIM ARAÇLARI
490,VESTL,İMALAT / METAL EŞYA MAKİNE ELEKTRİKLİ CİHAZLAR VE ULAŞIM ARAÇLARI
491,VKING,İMALAT / KAĞIT VE KAĞIT ÜRÜNLERİ BASIM
492,"YKB, YKBNK",MALİ KURULUŞLAR / BANKALAR
493,YAPRK,"TARIM, ORMANCILIK VE BALIKÇILIK / TARIM VE HAYVANCILIK AVCILIK VE İLGİLİ HİZMET FAALİYETLERİ"
494,YATAS,"İMALAT / TEKSTİL, GİYİM EŞYASI VE DERİ"
495,YYLGD,"İMALAT / GIDA, İÇECEK VE TÜTÜN"
496,YAYLA,İNŞAAT VE BAYINDIRLIK / İNŞAAT VE BAYINDIRLIK İŞLERİ
497,YGGYO,MALİ KURULUŞLAR / GAYRİMENKUL YATIRIM ORTAKLIKLARI
498,YEOTK,"MESLEKİ, BİLİMSEL VE TEKNİK FAALİYETLER / MİMARLIK VE MÜHENDİSLİK FAALİYETLERİ; TEKNİK MUAYENE VE ANALİZ"
499,YGYO,MALİ KURULUŞLAR / GAYRİMENKUL YATIRIM ORTAKLIKLARI
500,YYAPI,İNŞAAT VE BAYINDIRLIK / İNŞAAT VE BAYINDIRLIK İŞLERİ
501,YESIL,MALİ KURULUŞLAR / HOLDİNGLER VE YATIRIM ŞİRKETLERİ
502,YBTAS,İMALAT / TAŞ VE TOPRAĞA DAYALI
503,YONGA,İMALAT / ORMAN ÜRÜNLERİ VE MOBİLYA
504,YKSLN,İMALAT / ANA METAL SANAYİ
505,YUNSA,"İMALAT / TEKSTİL, GİYİM EŞYASI VE DERİ"
506,ZEDUR,ELEKTRİK GAZ VE SU / ELEKTRİK GAZ VE BUHAR
507,ZRGYO,MALİ KURULUŞLAR / GAYRİMENKUL YATIRIM ORTAKLIKLARI
508,ZOREN,ELEKTRİK GAZ VE SU / ELEKTRİK GAZ VE BUHAR
